"Sample","Group3","LAMP2","STAG2","LAMP2_log2FC","LAMP2_foldchange","STAG2_log2FC","STAG2_foldchange","LAMP2_pval","STAG2_pval"
"GSM362961","Control",7.2065,6.084,-1.15318863636364,0.449630361817796,-0.678840909090909,0.6246669431859,2.54e-06,2.43e-11
"GSM362962","Control",7.892,5.756,-0.467688636363635,0.723122195263034,-1.00684090909091,0.497634733766037,2.54e-06,2.43e-11
"GSM362963","Control",7.4525,5.554,-0.907188636363636,0.533223165455114,-1.20884090909091,0.43261604871135,2.54e-06,2.43e-11
"GSM362967","Control",6.8465,6.524,-1.51318863636364,0.350336051868361,-0.238840909090909,0.847425878339502,2.54e-06,2.43e-11
"GSM362968","Control",7.9225,5.827,-0.437188636363635,0.738572455087957,-0.935840909090909,0.522737690994777,2.54e-06,2.43e-11
"GSM362969","Control",7.615,6.815,-0.744688636363636,0.596796658766127,0.0521590909090914,1.03681542789405,2.54e-06,2.43e-11
"GSM362973","Control",7.736,5.986,-0.623688636363635,0.649009438109147,-0.776840909090909,0.583643407712509,2.54e-06,2.43e-11
"GSM362974","Control",8.0605,6.194,-0.299188636363636,0.81270933104582,-0.568840909090909,0.674158203497131,2.54e-06,2.43e-11
"GSM362975","Control",7.568,6.418,-0.791688636363636,0.577667551512789,-0.344840909090909,0.787394800495604,2.54e-06,2.43e-11
"GSM362979","Control",8.1585,6.242,-0.201188636363636,0.869833612124203,-0.520840909090909,0.696965471869044,2.54e-06,2.43e-11
"GSM362980","Control",7.075,5.523,-1.28468863636364,0.410459380529442,-1.23984090909091,0.423419345504164,2.54e-06,2.43e-11
"GSM362981","Control",8.3305,6.193,-0.0291886363636351,0.979971273012372,-0.569840909090909,0.673691074552384,2.54e-06,2.43e-11
"GSM362985","Control",8.417,7.503,0.057311363636364,1.04052480921512,0.740159090909091,1.67036002500552,2.54e-06,2.43e-11
"GSM362989","Control",8.327,7.153,-0.0326886363636358,0.977596729379175,0.390159090909091,1.31053791338175,2.54e-06,2.43e-11
"GSM362990","Control",8.583,6.874,0.223311363636364,1.16741002602913,0.111159090909091,1.08009565910297,2.54e-06,2.43e-11
"GSM362991","Control",9.01,7.1,0.650311363636364,1.56950689151819,0.337159090909091,1.26326655888289,2.54e-06,2.43e-11
"GSM362995","Control",8.5345,7.182,0.174811363636364,1.12881679924032,0.419159090909091,1.33714793914515,2.54e-06,2.43e-11
"GSM362996","Control",8.5465,6.831,0.186811363636364,1.13824519064023,0.0681590909090914,1.0483780773738,2.54e-06,2.43e-11
"GSM362997","Control",8.482,6.922,0.122311363636364,1.08847733240043,0.159159090909091,1.11663609046866,2.54e-06,2.43e-11
"GSM362998","Control",8.1875,5.624,-0.172188636363636,0.88749528722124,-1.13884090909091,0.454124283935394,2.54e-06,2.43e-11
"GSM362999","Control",8.729,4.139,0.369311363636363,1.29173610377461,-2.62384090909091,0.162235235114449,2.54e-06,2.43e-11
"GSM363000","Control",8.06,6.614,-0.299688636363635,0.812427716258049,-0.148840909090909,0.901974836743914,2.54e-06,2.43e-11
"GSM363001","Control",8.058,6.586,-0.301688636363636,0.811302232602252,-0.176840909090909,0.884637982004433,2.54e-06,2.43e-11
"GSM363002","Control",8.388,7.193,0.0283113636363641,1.01981775716045,0.430159090909091,1.34738214910477,2.54e-06,2.43e-11
"GSM363003","Control",8.372,6.531,0.0123113636363641,1.00857010184052,-0.231840909090909,0.851547605634214,2.54e-06,2.43e-11
"GSM363004","Control",8.087,6.697,-0.272688636363636,0.827775447982754,-0.0658409090909089,0.95538828450265,2.54e-06,2.43e-11
"GSM363005","Control",7.7425,6.828,-0.617188636363636,0.651940119083885,0.0651590909090913,1.04620030151186,2.54e-06,2.43e-11
"GSM363006","Control",8.1845,7.013,-0.175188636363636,0.885651710122663,0.250159090909091,1.18933826016332,2.54e-06,2.43e-11
"GSM363007","Control",8.954,7.002,0.594311363636365,1.50975176923692,0.239159090909091,1.1803044923673,2.54e-06,2.43e-11
"GSM363018","Control",8.1725,7.336,-0.187188636363636,0.878315618535626,0.573159090909091,1.48777781572962,2.54e-06,2.43e-11
"GSM363019","Control",7.842,6.231,-0.517688636363635,0.69848999865645,-0.531840909090909,0.691671583287805,2.54e-06,2.43e-11
"GSM363020","Control",7.9245,6.821,-0.435188636363636,0.739597043944512,0.0581590909090908,1.04113640102063,2.54e-06,2.43e-11
"GSM363021","Control",8.6655,4.313,0.305811363636364,1.23611362508141,-2.44984090909091,0.183030894322179,2.54e-06,2.43e-11
"GSM363022","Control",7.652,6.303,-0.707688636363637,0.612300329104273,-0.459840909090909,0.727066430337942,2.54e-06,2.43e-11
"GSM363023","Control",7.639,6.846,-0.720688636363636,0.60680772773866,0.0831590909090911,1.05933514474737,2.54e-06,2.43e-11
"GSM363024","Control",8.5125,6.509,0.152811363636363,1.11173378574855,-0.253840909090909,0.838660661317192,2.54e-06,2.43e-11
"GSM363025","Control",8.179,6.57,-0.180688636363636,0.882281759429598,-0.192840909090909,0.874881235728302,2.54e-06,2.43e-11
"GSM363026","Control",8.0145,6.345,-0.345188636363636,0.787205040605186,-0.417840909090909,0.748544033352183,2.54e-06,2.43e-11
"GSM363027","Control",8.4255,6.757,0.0658113636363638,1.04667341758513,-0.00584090909090929,0.995959574902749,2.54e-06,2.43e-11
"GSM363028","Control",8.6305,6.962,0.270811363636364,1.20648615800769,0.199159090909091,1.148029003954,2.54e-06,2.43e-11
"GSM363040","Control",7.9025,4.914,-0.457188636363636,0.728404309845696,-1.84884090909091,0.277615320308741,2.54e-06,2.43e-11
"GSM363041","Control",8.3485,6.92,-0.0111886363636362,0.992274623554059,0.157159090909091,1.11508917663972,2.54e-06,2.43e-11
"GSM363042","Control",7.939,6.634,-0.420688636363636,0.747067943979974,-0.128840909090909,0.914565936248556,2.54e-06,2.43e-11
"GSM363043","Control",8.592,6.981,0.232311363636363,1.17471547192156,0.218159090909091,1.16324830983915,2.54e-06,2.43e-11
"GSM363044","Control",8.842,6.906,0.482311363636365,1.3969799973129,0.143159090909091,1.10432061765481,2.54e-06,2.43e-11
"GSM363045","Control",5.3675,5.049,-2.99218863636364,0.125678638646114,-1.71384090909091,0.304847388228218,2.54e-06,2.43e-11
"GSM363046","Control",8.009,6.727,-0.350688636363635,0.784209684595762,-0.0358409090909086,0.9754630232358,2.54e-06,2.43e-11
"GSM363047","Control",8.441,6.993,0.0813113636363632,1.05797927294188,0.230159090909091,1.1729642888783,2.54e-06,2.43e-11
"GSM363058","Control",7.621,5.256,-0.738688636363636,0.59928383464641,-1.50684090909091,0.351880894799927,2.54e-06,2.43e-11
"GSM363059","Control",8.1015,6.92,-0.258188636363636,0.836137065534261,0.157159090909091,1.11508917663972,2.54e-06,2.43e-11
"GSM363060","Control",7.9595,6.393,-0.400188636363636,0.757759197668241,-0.369840909090909,0.773867829114508,2.54e-06,2.43e-11
"GSM363061","Control",8.1785,7.058,-0.181188636363636,0.881976036853339,0.295159090909091,1.22702027751004,2.54e-06,2.43e-11
"GSM363062","Control",8.228,6.745,-0.131688636363636,0.912762460436138,-0.0178409090909089,0.987709773570055,2.54e-06,2.43e-11
"GSM363063","Control",7.819,5.652,-0.540688636363637,0.687442696228088,-1.11084090909091,0.46302406769374,2.54e-06,2.43e-11
"GSM363064","Control",8.213,6.245,-0.146688636363637,0.903321444696545,-0.517840909090909,0.698416278735615,2.54e-06,2.43e-11
"GSM363065","Control",8.1325,7.167,-0.227188636363636,0.854298031758159,0.404159090909091,1.32331735858687,2.54e-06,2.43e-11
"GSM363066","Control",8.6495,7.167,0.289811363636364,1.22248042454771,0.404159090909091,1.32331735858687,2.54e-06,2.43e-11
"GSM363067","Control",8.611,6.871,0.251311363636365,1.19028855764816,0.108159090909091,1.07785199691111,2.54e-06,2.43e-11
"GSM363068","Control",8.299,7.095,-0.0606886363636363,0.958806346542972,0.332159090909091,1.25889598861082,2.54e-06,2.43e-11
"GSM363088","Control",8.467,6.937,0.107311363636365,1.07721883736716,0.174159090909091,1.12830655281338,2.54e-06,2.43e-11
"GSM363089","Control",8.585,7.034,0.225311363636363,1.16902952225521,0.271159090909091,1.20677698780339,2.54e-06,2.43e-11
"GSM363090","Control",8.3455,6.741,-0.0141886363636345,0.990213390330827,-0.0218409090909093,0.984975053469935,2.54e-06,2.43e-11
"GSM363091","Control",9.1315,7.367,0.771811363636363,1.70741216532742,0.604159090909091,1.52009247294776,2.54e-06,2.43e-11
"GSM363092","Control",8.2015,7.003,-0.158188636363636,0.89614951788259,0.240159090909091,1.18112290070433,2.54e-06,2.43e-11
"GSM363093","Control",7.8735,7.234,-0.486188636363636,0.713908638212265,0.471159090909091,1.38622274073803,2.54e-06,2.43e-11
"GSM363094","Control",8.214,7.121,-0.145688636363637,0.903947796460978,0.358159090909091,1.28178926364658,2.54e-06,2.43e-11
"GSM363095","Control",8.6655,7.129,0.305811363636364,1.23611362508141,0.366159090909091,1.28891675590098,2.54e-06,2.43e-11
"GSM363096","Control",8.6925,7.048,0.332811363636365,1.25946529061343,0.285159090909091,1.21854462934429,2.54e-06,2.43e-11
"GSM363097","Control",8.4935,6.933,0.133811363636365,1.09718846777555,0.170159090909091,1.12518255557083,2.54e-06,2.43e-11
"GSM363103","Control",8.6315,7.559,0.271811363636363,1.20732272038343,0.796159090909091,1.7364719313346,2.54e-06,2.43e-11
"GSM363110","Control",7.2955,5.932,-1.06418863636364,0.478241543554192,-0.830840909090909,0.562201454345525,2.54e-06,2.43e-11
"GSM363111","Control",7.962,6.607,-0.397688636363636,0.759073432665743,-0.155840909090909,0.897609027622789,2.54e-06,2.43e-11
"GSM363112","Control",8.739,6.264,0.379311363636365,1.30072083890449,-0.498840909090909,0.707675113612293,2.54e-06,2.43e-11
"GSM363113","Control",8.628,7.522,0.268311363636364,1.20439728720201,0.759159090909091,1.69250382108675,2.54e-06,2.43e-11
"GSM363114","Control",8.274,6.731,-0.0856886363636349,0.94233462739835,-0.0318409090909091,0.978171333793685,2.54e-06,2.43e-11
"GSM363116","Control",8.4315,7.128,0.071811363636364,1.05103547431,0.365159090909091,1.2880236564461,2.54e-06,2.43e-11
"GSM363117","Control",8.4715,7.126,0.111811363636363,1.08058410344413,0.363159090909091,1.28623931361214,2.54e-06,2.43e-11
"GSM363118","Control",8.846,7.155,0.486311363636364,1.40085862273053,0.392159090909091,1.31235596458701,2.54e-06,2.43e-11
"GSM363119","Control",8.6225,7.156,0.262811363636365,1.1998144930558,0.393159090909091,1.3132659357593,2.54e-06,2.43e-11
"GSM363120","Control",8.514,7.081,0.154311363636364,1.11289027956838,0.318159090909091,1.2467386688258,2.54e-06,2.43e-11
"GSM363131","Control",8.428,6.827,0.068311363636365,1.04848873680604,0.064159090909091,1.04547538198955,2.54e-06,2.43e-11
"GSM363132","Control",8.5475,6.952,0.187811363636364,1.13903443558477,0.189159090909091,1.14009898837077,2.54e-06,2.43e-11
"GSM363133","Control",8.2355,7.45,-0.124188636363636,0.917519906204533,0.687159090909091,1.61010981776123,2.54e-06,2.43e-11
"GSM363134","Control",8.0005,6.695,-0.359188636363635,0.779602900713094,-0.0678409090909087,0.954064752725449,2.54e-06,2.43e-11
"GSM363135","Control",8.8115,6.869,0.451811363636365,1.36775645427387,0.106159090909091,1.07635881200172,2.54e-06,2.43e-11
"GSM363136","Control",8.2115,7.012,-0.148188636363635,0.902382730712528,0.249159090909091,1.18851415934613,2.54e-06,2.43e-11
"GSM363137","Control",8.5565,6.845,0.196811363636364,1.14616231204055,0.0821590909090908,1.05860112400012,2.54e-06,2.43e-11
"GSM363138","Control",8.4375,7.199,0.0778113636363642,1.05541571009488,0.436159090909091,1.35299742247058,2.54e-06,2.43e-11
"GSM363139","Control",8.687,7.307,0.327311363636364,1.25467295985803,0.544159090909091,1.4581701673552,2.54e-06,2.43e-11
"GSM363140","Control",8.229,7.264,-0.130688636363635,0.913395358482519,0.501159090909091,1.41535022722459,2.54e-06,2.43e-11
"GSM363141","Control",8.6865,6.834,0.326811363636363,1.25423819868842,0.0711590909090907,1.05056038650504,2.54e-06,2.43e-11
"GSM363153","Control",9.1205,7.343,0.760811363636364,1.69444330226272,0.580159090909091,1.49501409985582,2.54e-06,2.43e-11
"GSM363154","Control",8.4135,6.875,0.0538113636363651,1.0380035398382,0.112159090909091,1.08084458389138,2.54e-06,2.43e-11
"GSM363155","Control",7.9905,6.744,-0.369188636363636,0.774217790119118,-0.0188409090909092,0.987025382544549,2.54e-06,2.43e-11
"GSM363156","Control",8.396,6.312,0.036311363636365,1.02548853579093,-0.450840909090909,0.731616283730159,2.54e-06,2.43e-11
"GSM363157","Control",8.5115,6.916,0.151811363636364,1.11096345761566,0.153159090909091,1.11200177498957,2.54e-06,2.43e-11
"GSM363158","Control",8.2845,6.871,-0.0751886363636363,0.949217999959356,0.108159090909091,1.07785199691111,2.54e-06,2.43e-11
"GSM363159","Control",7.8965,6.939,-0.463188636363635,0.725381252112776,0.176159090909091,1.12987180252291,2.54e-06,2.43e-11
"GSM363160","Control",8.3,6.994,-0.0596886363636351,0.959471170842708,0.231159090909091,1.17377760761026,2.54e-06,2.43e-11
"GSM363161","Control",8.5915,7.054,0.231811363636364,1.1743084171042,0.291159090909091,1.2236229667757,2.54e-06,2.43e-11
"GSM363162","Control",8.8195,6.913,0.459811363636364,1.37536197400338,0.150159090909091,1.10969183482936,2.54e-06,2.43e-11
"GSM363163","Control",8.9805,7.113,0.620811363636363,1.53773975440228,0.350159090909091,1.27470118522213,2.54e-06,2.43e-11
"GSM363165","Control",7.993,5.799,-0.366688636363635,0.775560570409472,-0.963840909090909,0.512690151921133,2.54e-06,2.43e-11
"GSM363167","Control",8.142,7.138,-0.217688636363636,0.859942059623186,0.375159090909091,1.29698256946274,2.54e-06,2.43e-11
"GSM363171","Control",8.5435,7.353,0.183811363636364,1.1358807355313,0.590159090909091,1.50541274526286,2.54e-06,2.43e-11
"GSM363173","Control",9.078,6.923,0.718311363636364,1.64525517944374,0.160159090909091,1.11741035193405,2.54e-06,2.43e-11
"GSM363175","Control",8.926,7.014,0.566311363636364,1.48073283650214,0.251159090909091,1.19016293240169,2.54e-06,2.43e-11
"GSM363177","Control",8.3235,7.067,-0.0361886363636348,0.975227939442665,0.304159090909091,1.2346987538349,2.54e-06,2.43e-11
"GSM363179","Control",8.429,6.884,0.0693113636363645,1.0492157457508,0.121159090909091,1.08760831852591,2.54e-06,2.43e-11
"GSM363181","Control",8.454,6.91,0.0943113636363648,1.06755571393581,0.147159090909091,1.10738669306396,2.54e-06,2.43e-11
"GSM363183","Control",8.855,7.397,0.495311363636365,1.40962494873692,0.634159090909091,1.5520328470759,2.54e-06,2.43e-11
"GSM363185","Control",9.279,7.663,0.919311363636364,1.89121235247294,0.900159090909091,1.86627177188866,2.54e-06,2.43e-11
"GSM363187","Control",8.4285,6.969,0.0688113636363639,1.04885217828789,0.206159090909091,1.15361281087053,2.54e-06,2.43e-11
"GSM363189","Control",8.461,7.075,0.101311363636365,1.07274811322078,0.312159090909091,1.24156439552349,2.54e-06,2.43e-11
"GSM363191","Control",8.722,7.221,0.362311363636364,1.2854837416973,0.458159090909091,1.37378771734034,2.54e-06,2.43e-11
"GSM363193","Control",8.5505,6.495,0.190811363636364,1.14140545545176,-0.267840909090909,0.830561607906117,2.54e-06,2.43e-11
"GSM363195","Control",8.324,6.247,-0.035688636363636,0.975565986266645,-0.515840909090909,0.69938516070718,2.54e-06,2.43e-11
"GSM363197","Control",8.6755,6.246,0.315811363636364,1.24471147527645,-0.516840909090909,0.698900551826953,2.54e-06,2.43e-11
"GSM363199","Control",8.533,6.799,0.173311363636365,1.12764375489264,0.0361590909090914,1.02538030384227,2.54e-06,2.43e-11
"GSM363201","Control",8.2045,7.111,-0.155188636363636,0.898014947271125,0.348159090909091,1.27293529845919,2.54e-06,2.43e-11
"GSM363203","Control",8.559,6.995,0.199311363636363,1.14815018183869,0.232159090909091,1.17459149028724,2.54e-06,2.43e-11
"GSM363206","Control",8.6275,6.888,0.267811363636365,1.20397994723375,0.125159090909091,1.09062799330777,2.54e-06,2.43e-11
"GSM363208","Control",9.033,6.759,0.673311363636364,1.59472909169449,-0.00384090909090862,0.997341225511292,2.54e-06,2.43e-11
"GSM363210","Control",8.723,7.083,0.363311363636365,1.28637508000715,0.320159090909091,1.24846821416467,2.54e-06,2.43e-11
"GSM363212","Control",8.917,6.68,0.557311363636364,1.4715242971777,-0.0828409090909092,0.944196533185869,2.54e-06,2.43e-11
"GSM363214","Control",8.686,6.85,0.326311363636364,1.25380358816945,0.0871590909090907,1.06227632087452,2.54e-06,2.43e-11
"GSM363216","Control",8.805,7.387,0.445311363636364,1.36160794814381,0.624159090909091,1.54131217310285,2.54e-06,2.43e-11
"GSM363219","Control",8.4065,6.895,0.0468113636363654,1.03297931395365,0.132159090909091,1.09593261201638,2.54e-06,2.43e-11
"GSM363221","Control",8.559,7.028,0.199311363636363,1.14815018183869,0.265159090909091,1.20176856534408,2.54e-06,2.43e-11
"GSM363223","Control",8.518,6.317,0.158311363636365,1.11598014809454,-0.445840909090909,0.734156271472727,2.54e-06,2.43e-11
"GSM363225","Control",8.306,6.716,-0.0536886363636366,0.963469808433742,-0.0468409090909088,0.968053771603462,2.54e-06,2.43e-11
"GSM363227","Control",8.5555,6.431,0.195811363636365,1.14536812814046,-0.331840909090909,0.794522009920896,2.54e-06,2.43e-11
"GSM363229","Control",8.0985,6.282,-0.261188636363636,0.834400173893837,-0.480840909090909,0.716559838330434,2.54e-06,2.43e-11
"GSM363231","Control",8.619,7.177,0.259311363636364,1.19690725287034,0.414159090909091,1.33252175871545,2.54e-06,2.43e-11
"GSM363233","Control",8.4125,6.578,0.0528113636363656,1.03728429990951,-0.184840909090909,0.87974608317868,2.54e-06,2.43e-11
"GSM363234","Control",8.594,6.946,0.234311363636364,1.17634510266918,0.183159090909091,1.13536729607227,2.54e-06,2.43e-11
"GSM363236","Control",8.4845,7.745,0.124811363636365,1.09036515508689,0.982159090909091,1.97541954714011,2.54e-06,2.43e-11
"GSM363238","Control",8.808,6.311,0.448311363636364,1.36444227816514,-0.451840909090909,0.731109341678863,2.54e-06,2.43e-11
"GSM363240","Control",8.796,6.516,0.436311363636364,1.35314023538304,-0.246840909090909,0.842739756170331,2.54e-06,2.43e-11
"GSM363242","Control",8.3005,6.812,-0.0591886363636362,0.959803755840416,0.0491590909090913,1.03466167090419,2.54e-06,2.43e-11
"GSM363244","Control",8.6915,7.177,0.331811363636364,1.25859259828528,0.414159090909091,1.33252175871545,2.54e-06,2.43e-11
"GSM363246","Control",8.7545,6.623,0.394811363636364,1.31477083904502,-0.139840909090909,0.907619236071699,2.54e-06,2.43e-11
"GSM363248","Control",8.548,6.949,0.188311363636364,1.13942926325303,0.186159090909091,1.13773068240303,2.54e-06,2.43e-11
"GSM363250","Control",8.416,6.937,0.0563113636363646,1.03980382228121,0.174159090909091,1.12830655281338,2.54e-06,2.43e-11
"GSM363252","Control",8.4475,6.378,0.087811363636364,1.06275670689709,-0.384840909090909,0.765863448268759,2.54e-06,2.43e-11
"GSM363253","Control",8.5405,6.722,0.180811363636364,1.13352119206003,-0.0408409090909085,0.972088177554271,2.54e-06,2.43e-11
"GSM363254","Control",8.463,6.903,0.103311363636363,1.07423628916767,0.140159090909091,1.1020266334168,2.54e-06,2.43e-11
"GSM363255","Control",8.3325,6.786,-0.0271886363636362,0.981330743757801,0.0231590909090906,1.01618219469639,2.54e-06,2.43e-11
"GSM363256","Control",8.3855,7.018,0.0258113636363646,1.0180520779391,0.255159090909091,1.19346734349534,2.54e-06,2.43e-11
"GSM363257","Control",8.7335,6.436,0.373811363636364,1.29577152864804,-0.326840909090909,0.797280390524606,2.54e-06,2.43e-11
"GSM363258","Control",8.57,6.872,0.210311363636364,1.15693784824576,0.109159090909091,1.07859936597229,2.54e-06,2.43e-11
"GSM363259","Control",8.283,6.798,-0.0766886363636363,0.948231591172456,0.0351590909090911,1.02466981064228,2.54e-06,2.43e-11
"GSM363260","Control",8.5995,7.128,0.239811363636363,1.1808382534701,0.365159090909091,1.2880236564461,2.54e-06,2.43e-11
"GSM363261","Control",8.095,7.014,-0.264688636363635,0.832378359913141,0.251159090909091,1.19016293240169,2.54e-06,2.43e-11
"GSM363262","Control",8.5135,6.273,0.153811363636365,1.11250464801732,-0.489840909090909,0.712103619567051,2.54e-06,2.43e-11
"GSM363276","Control",8.713,7.049,0.353311363636363,1.27748943827231,0.286159090909091,1.21938955291287,2.54e-06,2.43e-11
"GSM363277","Control",8.119,5.914,-0.240688636363636,0.846341234955977,-0.848840909090909,0.555230640617482,2.54e-06,2.43e-11
"GSM363278","Control",8.098,6.557,-0.261688636363635,0.834111042935312,-0.205840909090909,0.867033168951757,2.54e-06,2.43e-11
"GSM363279","Control",8.216,6.565,-0.143688636363635,0.905201803204368,-0.197840909090909,0.871854376595852,2.54e-06,2.43e-11
"GSM363280","Control",8.6185,7.148,0.258811363636363,1.19649250830039,0.385159090909091,1.30600379664733,2.54e-06,2.43e-11
"GSM363281","Control",8.7325,6.947,0.372811363636364,1.29487367947307,0.184159090909091,1.1361545455208,2.54e-06,2.43e-11
"GSM363282","Control",8.6715,7.24,0.311811363636364,1.24126518206222,0.477159090909091,1.3919998839489,2.54e-06,2.43e-11
"GSM363283","Control",8.354,7.073,-0.00568863636363659,0.996064701405741,0.310159090909091,1.23984441427861,2.54e-06,2.43e-11
"GSM363284","Control",8.382,6.835,0.0223113636363639,1.01558526166958,0.072159090909091,1.05128883190573,2.54e-06,2.43e-11
"GSM363285","Control",8.8185,7.28,0.458811363636364,1.37440897605093,0.517159090909091,1.43113432739151,2.54e-06,2.43e-11
"GSM363286","Control",8.681,6.488,0.321311363636365,1.24946575728891,-0.274840909090909,0.826541458678292,2.54e-06,2.43e-11
"GSM363287","Control",8.6945,6.797,0.334811363636366,1.26121249103106,0.0341590909090908,1.02395980974801,2.54e-06,2.43e-11
"GSM363299","Control",8.5595,6.569,0.199811363636364,1.14854816933138,-0.193840909090909,0.874275024387544,2.54e-06,2.43e-11
"GSM363300","Control",8.55,6.525,0.190311363636365,1.14100994300614,-0.237840909090909,0.848013472819009,2.54e-06,2.43e-11
"GSM363301","Control",8.195,5.665,-0.164688636363636,0.892121036944387,-1.09784090909091,0.467215192015779,2.54e-06,2.43e-11
"GSM363302","Control",8.4065,6.204,0.0468113636363654,1.03297931395365,-0.558840909090909,0.678847344627703,2.54e-06,2.43e-11
"GSM363303","Control",8.856,6.681,0.496311363636364,1.41060236500331,-0.0818409090909089,0.944851227224192,2.54e-06,2.43e-11
"GSM363304","Control",8.548,7.252,0.188311363636364,1.13942926325303,0.489159090909091,1.40362650019287,2.54e-06,2.43e-11
"GSM363305","Control",8.4945,7.188,0.134811363636365,1.0979492445032,0.425159090909091,1.34272056099844,2.54e-06,2.43e-11
"GSM363306","Control",8.478,7.239,0.118311363636364,1.08546361225804,0.476159090909091,1.39103535747202,2.54e-06,2.43e-11
"GSM363307","Control",8.771,6.891,0.411311363636365,1.32989409605482,0.128159090909091,1.09289825007863,2.54e-06,2.43e-11
"GSM363308","Control",7.3595,6.591,-1.00018863636364,0.499934627892083,-0.171840909090909,0.887709222599906,2.54e-06,2.43e-11
"GSM363318","Control",8.378,6.202,0.0183113636363643,1.01277336134947,-0.560840909090909,0.677906914388964,2.54e-06,2.43e-11
"GSM363319","Control",8.51,6.566,0.150311363636364,1.10980896611153,-0.196840909090909,0.872458909489779,2.54e-06,2.43e-11
"GSM363320","Control",7.6965,6.251,-0.663188636363635,0.631481057631225,-0.511840909090909,0.701326958776049,2.54e-06,2.43e-11
"GSM363321","Control",7.9845,6.113,-0.375188636363635,0.77100459513146,-0.649840909090909,0.637350592611066,2.54e-06,2.43e-11
"GSM363322","Control",8.5355,6.8,0.175811363636363,1.12959950665646,0.0371590909090909,1.02609128968933,2.54e-06,2.43e-11
"GSM363323","Control",8.1515,6.726,-0.208188636363635,0.86562337547128,-0.036840909090909,0.974787118069445,2.54e-06,2.43e-11
"GSM363324","Control",7.808,6.867,-0.551688636363636,0.682221139082569,0.104159090909091,1.07486769565199,2.54e-06,2.43e-11
"GSM363325","Control",7.9525,6.613,-0.407188636363635,0.754091432358136,-0.149840909090909,0.901349852057099,2.54e-06,2.43e-11
"GSM363338","Control",8.2685,6.993,-0.0911886363636363,0.938748995265079,0.230159090909091,1.1729642888783,2.54e-06,2.43e-11
"GSM363340","Control",8.314,6.821,-0.0456886363636357,0.968827259765035,0.0581590909090908,1.04113640102063,2.54e-06,2.43e-11
"GSM363342","Control",7.7835,7.038,-0.576188636363636,0.670733406460819,0.275159090909091,1.21012752675692,2.54e-06,2.43e-11
"GSM363345","Control",8.198,7.097,-0.161688636363635,0.893978080626538,0.334159090909091,1.26064239926099,2.54e-06,2.43e-11
"GSM363347","Control",9.0195,6.978,0.659811363636365,1.57987603706316,0.215159090909091,1.16083191622574,2.54e-06,2.43e-11
"GSM363349","Control",8.3085,6.582,-0.0511886363636354,0.965140821791519,-0.180840909090909,0.88218864178785,2.54e-06,2.43e-11
"GSM363351","Control",8.189,7.003,-0.170688636363636,0.88841851437144,0.240159090909091,1.18112290070433,2.54e-06,2.43e-11
"GSM363353","Control",8.6655,7.102,0.305811363636364,1.23611362508141,0.339159090909091,1.26501903263164,2.54e-06,2.43e-11
"GSM363356","Control",8.0255,6.915,-0.334188636363635,0.79323011937992,0.152159090909091,1.11123126116505,2.54e-06,2.43e-11
"GSM363359","Control",8.8395,6.938,0.479811363636365,1.39456131168346,0.175159090909091,1.12908890643105,2.54e-06,2.43e-11
"GSM363361","Control",8.4735,6.565,0.113811363636364,1.08208314991321,-0.197840909090909,0.871854376595852,2.54e-06,2.43e-11
"GSM363363","Control",8.4765,7.236,0.116811363636364,1.08433561969465,0.473159090909091,1.3881457861523,2.54e-06,2.43e-11
"GSM363365","Control",8.317,6.772,-0.0426886363636356,0.970843975510249,0.00915909090909128,1.00636879310283,2.54e-06,2.43e-11
"GSM363367","Control",8.6615,6.993,0.301811363636364,1.23269113715327,0.230159090909091,1.1729642888783,2.54e-06,2.43e-11
"GSM363369","Control",8.906,7.188,0.546311363636365,1.46034714997562,0.425159090909091,1.34272056099844,2.54e-06,2.43e-11
"GSM363370","Control",7.22,6.258,-1.13968863636364,0.453857518994252,-0.504840909090909,0.704738087161895,2.54e-06,2.43e-11
"GSM363372","Control",8.9665,6.525,0.606811363636364,1.52288960466034,-0.237840909090909,0.848013472819009,2.54e-06,2.43e-11
"GSM363373","Control",7.7615,6.903,-0.598188636363636,0.660582824152282,0.140159090909091,1.1020266334168,2.54e-06,2.43e-11
"GSM363374","Control",8.479,6.935,0.119311363636363,1.08621625911787,0.172159090909091,1.12674347149733,2.54e-06,2.43e-11
"GSM363375","Control",8.738,6.813,0.378311363636364,1.29981956031775,0.0501590909090908,1.03537909233481,2.54e-06,2.43e-11
"GSM363380","Control",8.413,6.625,0.0533113636363645,1.03764385755647,-0.137840909090909,0.908878336040656,2.54e-06,2.43e-11
"GSM363381","Control",8.5285,6.699,0.168811363636365,1.12413193081235,-0.0638409090909091,0.956713652356869,2.54e-06,2.43e-11
"GSM363382","Control",8.3735,6.15,0.0138113636363641,1.00961927845509,-0.612840909090909,0.653907778936629,2.54e-06,2.43e-11
"GSM363397","Control",8.254,6.707,-0.105688636363634,0.929361228116817,-0.0558409090909091,0.962033535539111,2.54e-06,2.43e-11
"GSM363402","Control",7.8605,7.133,-0.499188636363636,0.707504565937955,0.370159090909091,1.29249535065557,2.54e-06,2.43e-11
"GSM363407","Control",7.5975,6.732,-0.762188636363636,0.589601199104185,-0.0308409090909088,0.978849585532794,2.54e-06,2.43e-11
"GSM363417","Control",8.072,6.976,-0.287688636363637,0.819213482113212,0.213159090909091,1.15922377642118,2.54e-06,2.43e-11
"GSM712533","Control",8.5085,6.684,0.148811363636364,1.1086556743324,-0.0788409090909088,0.94681803433828,2.54e-06,2.43e-11
"GSM712535","Control",8.332,7.112,-0.0276886363636351,0.980990699367292,0.349159090909091,1.27381793583581,2.54e-06,2.43e-11
"GSM712536","Control",8.2995,6.973,-0.0601886363636357,0.959138701090204,0.210159090909091,1.15681574289457,2.54e-06,2.43e-11
"GSM712537","Control",8.5355,6.893,0.175811363636365,1.12959950665646,0.130159090909091,1.09441437941796,2.54e-06,2.43e-11
"GSM712538","Control",8.449,7.356,0.089311363636364,1.06386225174898,0.593159090909091,1.50854642008035,2.54e-06,2.43e-11
"GSM712539","Control",10.179,8.708,1.81931136363636,3.52912703771839,1.94515909090909,3.85080239012495,2.54e-06,2.43e-11
"GSM712540","Control",8.413,6.851,0.0533113636363645,1.03764385755647,0.088159090909091,1.06301288995721,2.54e-06,2.43e-11
"GSM712541","Control",8.61,7.284,0.250311363636364,1.18946379836318,0.521159090909091,1.43510778011734,2.54e-06,2.43e-11
"GSM362959","Small",7.775,5.26,-0.584688636363635,0.66679323088387,-1.50284090909091,0.352857869549152,2.54e-06,2.43e-11
"GSM362960","Small",8.271,4.836,-0.088688636363635,0.940377133580318,-1.92684090909091,0.26300444560033,2.54e-06,2.43e-11
"GSM362964","Small",8.8025,6.719,0.442811363636364,1.35925050452727,-0.0438409090909087,0.97006887725179,2.54e-06,2.43e-11
"GSM362966","Small",8.577,6.964,0.217311363636364,1.1625649861811,0.201159090909091,1.14962161374651,2.54e-06,2.43e-11
"GSM362970","Small",8.2,6.39,-0.159688636363637,0.895218256824694,-0.372840909090909,0.772260288175842,2.54e-06,2.43e-11
"GSM362971","Small",8.07,6.857,-0.289688636363636,0.818078597905947,0.0941590909090912,1.06744304213969,2.54e-06,2.43e-11
"GSM362972","Small",8.1375,6.587,-0.222188636363637,0.857263939676586,-0.175840909090909,0.885251378890077,2.54e-06,2.43e-11
"GSM362976","Small",8.7325,6.567,0.372811363636364,1.29487367947307,-0.195840909090909,0.873063861559236,2.54e-06,2.43e-11
"GSM362978","Small",8.712,6.233,0.352311363636364,1.27660425688591,-0.529840909090909,0.692631108642089,2.54e-06,2.43e-11
"GSM362982","Small",7.957,6.35,-0.402688636363635,0.756447238094372,-0.412840909090909,0.75114278998427,2.54e-06,2.43e-11
"GSM362983","Small",8.1185,7.078,-0.241188636363635,0.846047966258106,0.315159090909091,1.2441488422759,2.54e-06,2.43e-11
"GSM362984","Small",9.45,7.069,1.09031136363636,2.12919984099252,0.306159090909091,1.23641159673293,2.54e-06,2.43e-11
"GSM362986","Small",8.504,6.712,0.144311363636364,1.10520298488418,-0.0508409090909092,0.965373474032211,2.54e-06,2.43e-11
"GSM362987","Small",9.1585,6.841,0.798811363636364,1.73966722424841,0.0781590909090912,1.05567012356934,2.54e-06,2.43e-11
"GSM362988","Small",9.1345,7.03,0.774811363636363,1.71096632316379,0.267159090909091,1.20343572565005,2.54e-06,2.43e-11
"GSM362993","Small",9.11,7.388,0.750311363636364,1.68215583559702,0.625159090909091,1.54238089963961,2.54e-06,2.43e-11
"GSM362994","Small",9.8355,6.431,1.47581136363636,2.78140024387455,-0.331840909090909,0.794522009920896,2.54e-06,2.43e-11
"GSM363008","Small",8.21,7.727,-0.149688636363635,0.901444992221728,0.964159090909091,1.9509260464716,2.54e-06,2.43e-11
"GSM363011","Small",7.8595,6.15,-0.500188636363635,0.70701433106493,-0.612840909090909,0.653907778936629,2.54e-06,2.43e-11
"GSM363013","Small",8.3565,7,-0.00318863636363531,0.997792246375691,0.237159090909091,1.17866937654292,2.54e-06,2.43e-11
"GSM363014","Small",10.3175,8.389,1.95781136363636,3.88472201081917,1.62615909090909,3.08690073443588,2.54e-06,2.43e-11
"GSM363029","Small",9.0645,5.481,0.704811363636363,1.62993153281935,-1.28184090909091,0.411270384045527,2.54e-06,2.43e-11
"GSM363030","Small",8.067,7.191,-0.292688636363636,0.816379218777234,0.428159090909091,1.34551557493874,2.54e-06,2.43e-11
"GSM363031","Small",8.4965,6.65,0.136811363636365,1.09947238086339,-0.112840909090909,0.924765249513449,2.54e-06,2.43e-11
"GSM363033","Small",6.761,6.748,-1.59868863636364,0.330176961629516,-0.0148409090909087,0.989765795251921,2.54e-06,2.43e-11
"GSM363034","Small",8.972,6.139,0.612311363636366,1.52870641184675,-0.623840909090909,0.648940940457798,2.54e-06,2.43e-11
"GSM363036","Small",8.0495,7.463,-0.310188636363636,0.806536295477857,0.700159090909091,1.62468394228133,2.54e-06,2.43e-11
"GSM363037","Small",8.113,6.475,-0.246688636363636,0.842828709864569,-0.287840909090909,0.819127020813603,2.54e-06,2.43e-11
"GSM363038","Small",7.5935,7.065,-0.766188636363636,0.587968741581347,0.302159090909091,1.23298828379619,2.54e-06,2.43e-11
"GSM363050","Small",8.0055,7.557,-0.354188636363636,0.782309485921648,0.794159090909091,1.73406633790351,2.54e-06,2.43e-11
"GSM363053","Small",8.1405,7.932,-0.219188636363636,0.859048424648002,1.16915909090909,2.2488058173821,2.54e-06,2.43e-11
"GSM363056","Small",8.3265,7.062,-0.0331886363636364,0.977257978875207,0.299159090909091,1.23042702065987,2.54e-06,2.43e-11
"GSM363057","Small",9.3855,8.321,1.02581136363636,2.03610415587821,1.55815909090909,2.94477843720738,2.54e-06,2.43e-11
"GSM363072","Small",8.588,7.279,0.228311363636365,1.17146298004698,0.516159090909091,1.43014268438445,2.54e-06,2.43e-11
"GSM363073","Small",8.597,7.857,0.237311363636366,1.1787937886103,1.09415909090909,2.13488608427939,2.54e-06,2.43e-11
"GSM363074","Small",8.11,7.006,-0.249688636363636,0.841077917798512,0.243159090909091,1.18358153213411,2.54e-06,2.43e-11
"GSM363077","Small",7.4565,7.439,-0.903188636363636,0.53470362539497,0.676159090909091,1.59788002687083,2.54e-06,2.43e-11
"GSM363078","Small",9.396,7.709,1.03631136363637,2.05097707158185,0.946159090909091,1.92673624411157,2.54e-06,2.43e-11
"GSM363082","Small",10.543,7.405,2.18331136363636,4.54194854990375,0.642159090909091,1.56066305050313,2.54e-06,2.43e-11
"GSM363083","Small",7.715,6.821,-0.644688636363636,0.639630821395863,0.0581590909090908,1.04113640102063,2.54e-06,2.43e-11
"GSM363086","Small",9.3625,7.295,1.00281136363636,2.00390117741195,0.532159090909091,1.44609175122961,2.54e-06,2.43e-11
"GSM363087","Small",8.5605,7.617,0.200811363636364,1.14934455823216,0.854159090909091,1.80770478429156,2.54e-06,2.43e-11
"GSM363098","Small",7.5465,6.413,-0.813188636363636,0.569122595320117,-0.349840909090909,0.784670621435186,2.54e-06,2.43e-11
"GSM363101","Small",7.527,7.186,-0.832688636363637,0.561481877444169,0.423159090909091,1.34086044468845,2.54e-06,2.43e-11
"GSM363104","Small",8.6455,7.518,0.285811363636364,1.21909568352513,0.755159090909091,1.68781770342049,2.54e-06,2.43e-11
"GSM363105","Small",8.8315,7.515,0.471811363636364,1.38684962285499,0.752159090909091,1.68431163177211,2.54e-06,2.43e-11
"GSM363107","Small",9.0365,6.737,0.676811363636364,1.5986026253281,-0.0258409090909089,0.982247905122395,2.54e-06,2.43e-11
"GSM363109","Small",9.1595,7.115,0.799811363636364,1.74087348769076,0.352159090909091,1.27646952172158,2.54e-06,2.43e-11
"GSM363115","Small",8.6715,7.37,0.311811363636364,1.24126518206222,0.607159090909091,1.52325670516096,2.54e-06,2.43e-11
"GSM363121","Small",9.3655,7.466,1.00581136363637,2.00807250828193,0.703159090909091,1.62806589262838,2.54e-06,2.43e-11
"GSM363122","Small",9.2115,7.684,0.851811363636365,1.80476546142506,0.921159090909091,1.89363606867656,2.54e-06,2.43e-11
"GSM363124","Small",8.9495,6.773,0.589811363636365,1.50504994510544,0.0101590909090907,1.0070665966067,2.54e-06,2.43e-11
"GSM363127","Small",8.674,6.75,0.314311363636364,1.24341799544735,-0.012840909090909,0.991138853504268,2.54e-06,2.43e-11
"GSM363128","Small",9.201,7.644,0.841311363636365,1.7916779798805,0.881159090909091,1.84185449079661,2.54e-06,2.43e-11
"GSM363142","Small",9.04,7.251,0.680311363636363,1.60248556762108,0.488159090909091,1.4026539175521,2.54e-06,2.43e-11
"GSM363143","Small",8.65,8.191,0.290311363636363,1.22290417740403,1.42815909090909,2.69103114987749,2.54e-06,2.43e-11
"GSM363144","Small",9.467,7.161,1.10731136363636,2.15443767473431,0.398159090909091,1.31782526481435,2.54e-06,2.43e-11
"GSM363145","Small",8.6775,7.717,0.317811363636363,1.24643820837949,0.954159090909091,1.93745001590359,2.54e-06,2.43e-11
"GSM363147","Small",7.9595,7.011,-0.400188636363636,0.757759197668241,0.248159090909091,1.18769062955417,2.54e-06,2.43e-11
"GSM363148","Small",7.554,7.511,-0.805688636363636,0.572088941987694,0.748159090909091,1.67964819621895,2.54e-06,2.43e-11
"GSM363151","Small",8.432,7.481,0.0723113636363646,1.05139979857678,0.718159090909091,1.64508153618211,2.54e-06,2.43e-11
"GSM363164","Small",9.234,7.39,0.874311363636364,1.83313287491383,0.627159090909091,1.54452057635168,2.54e-06,2.43e-11
"GSM363170","Small",8.9765,6.834,0.616811363636364,1.53348213953641,0.0711590909090907,1.05056038650504,2.54e-06,2.43e-11
"GSM363172","Small",8.858,6.902,0.498311363636365,1.41255923119059,0.139159090909091,1.10126303143779,2.54e-06,2.43e-11
"GSM363174","Small",7.524,6.799,-0.835688636363637,0.560315521807777,0.0361590909090914,1.02538030384227,2.54e-06,2.43e-11
"GSM363176","Small",9.191,6.518,0.831311363636363,1.77930195605911,-0.244840909090909,0.843908851710247,2.54e-06,2.43e-11
"GSM363178","Small",9.1915,8.446,0.831811363636364,1.77991872199744,1.68315909090909,3.21130365676056,2.54e-06,2.43e-11
"GSM363182","Small",8.8145,7.716,0.454811363636363,1.37060358305678,0.953159090909091,1.93610754320692,2.54e-06,2.43e-11
"GSM363186","Small",9.349,7.177,0.989311363636364,1.98523715866488,0.414159090909091,1.33252175871545,2.54e-06,2.43e-11
"GSM363188","Small",9.163,7.429,0.803311363636364,1.74510200025854,0.666159090909091,1.58684266329415,2.54e-06,2.43e-11
"GSM363190","Small",8.804,7.001,0.444311363636364,1.36066448045229,0.238159090909091,1.17948665111114,2.54e-06,2.43e-11
"GSM363192","Small",9.077,7.392,0.717311363636364,1.64411517059741,0.629159090909091,1.5466632213425,2.54e-06,2.43e-11
"GSM363194","Small",7.8325,7.093,-0.527188636363636,0.69390562349798,0.330159090909091,1.25715199732251,2.54e-06,2.43e-11
"GSM363196","Small",9.2155,7.348,0.855811363636365,1.80977627704518,0.585159090909091,1.50020441282868,2.54e-06,2.43e-11
"GSM363198","Small",9.2865,8.425,0.926811363636364,1.9010696161022,1.66215909090909,3.16489818963135,2.54e-06,2.43e-11
"GSM363200","Small",9.223,7.287,0.863311363636365,1.81920908444488,0.524159090909091,1.43809510776225,2.54e-06,2.43e-11
"GSM363202","Small",8.6945,6.133,0.334811363636364,1.26121249103106,-0.629840909090909,0.646247675327783,2.54e-06,2.43e-11
"GSM363205","Small",8.149,6.98,-0.210688636363637,0.864124663376053,0.217159090909091,1.16244228693142,2.54e-06,2.43e-11
"GSM363209","Small",9.1085,7.693,0.748811363636364,1.68040777214138,0.930159090909091,1.90548610896337,2.54e-06,2.43e-11
"GSM363215","Small",9.491,7.758,1.13131136363636,2.19057766285586,0.995159090909091,1.99330032157045,2.54e-06,2.43e-11
"GSM363217","Small",9.259,8.306,0.899311363636365,1.86517547315064,1.54315909090909,2.91431958205025,2.54e-06,2.43e-11
"GSM363222","Small",8.2925,7.101,-0.0671886363636354,0.954496202963804,0.338159090909091,1.26414249207672,2.54e-06,2.43e-11
"GSM363224","Small",7.1435,7.187,-1.21618863636364,0.4304183121062,0.424159090909091,1.34179018050986,2.54e-06,2.43e-11
"GSM363232","Small",8.393,7.767,0.0333113636363649,1.02335830793884,1.00415909090909,2.00577404316091,2.54e-06,2.43e-11
"GSM363239","Small",10.1025,7.984,1.74281136363636,3.34686732997,1.22115909090909,2.33133946685958,2.54e-06,2.43e-11
"GSM363243","Small",9.1465,7.176,0.786811363636364,1.72525709220419,0.413159090909091,1.33159844504846,2.54e-06,2.43e-11
"GSM363247","Small",9.424,6.998,1.06431136363636,2.09117147006727,0.235159090909091,1.17703652589991,2.54e-06,2.43e-11
"GSM363249","Small",8.5585,7.293,0.198811363636365,1.14775233225405,0.530159090909091,1.44408843130561,2.54e-06,2.43e-11
"GSM363251","Small",8.529,7.234,0.169311363636364,1.12452159277093,0.471159090909091,1.38622274073803,2.54e-06,2.43e-11
"GSM363265","Small",8.9585,7.519,0.598811363636365,1.51446828201726,0.756159090909091,1.68898801505517,2.54e-06,2.43e-11
"GSM363266","Small",8.275,6.925,-0.0846886363636354,0.942988030414543,0.162159090909091,1.11896048582668,2.54e-06,2.43e-11
"GSM363267","Small",8.948,6.767,0.588311363636365,1.5034859266285,0.00415909090909139,1.00288702158045,2.54e-06,2.43e-11
"GSM363268","Small",7.4425,7.253,-0.917188636363636,0.529539924006655,0.490159090909091,1.40459975721025,2.54e-06,2.43e-11
"GSM363269","Small",8.6855,7.566,0.325811363636365,1.25336912824891,0.803159090909091,1.74491781897956,2.54e-06,2.43e-11
"GSM363270","Small",9.007,7.691,0.647311363636366,1.56624658467158,0.928159090909091,1.9028463744626,2.54e-06,2.43e-11
"GSM363273","Small",9.082,7.073,0.722311363636365,1.64982312499038,0.310159090909091,1.23984441427861,2.54e-06,2.43e-11
"GSM363274","Small",9.396,7.726,1.03631136363637,2.05097707158185,0.963159090909091,1.94957423613889,2.54e-06,2.43e-11
"GSM363275","Small",8.4815,4.813,0.121811363636365,1.08810016026613,-1.94984090909091,0.258844773083703,2.54e-06,2.43e-11
"GSM363288","Small",9.1785,7.147,0.818811363636364,1.76395207370668,0.384159090909091,1.30509885746214,2.54e-06,2.43e-11
"GSM363289","Small",8.4085,6.744,0.0488113636363643,1.03441232040662,-0.0188409090909092,0.987025382544549,2.54e-06,2.43e-11
"GSM363290","Small",8.8065,7.325,0.446811363636364,1.36302437642659,0.562159090909091,1.47647721289058,2.54e-06,2.43e-11
"GSM363291","Small",8.3735,6.456,0.0138113636363641,1.00961927845509,-0.306840909090909,0.808410010023121,2.54e-06,2.43e-11
"GSM363292","Small",8.6795,6.861,0.319811363636365,1.24816733690289,0.0981590909090908,1.07040672932425,2.54e-06,2.43e-11
"GSM363293","Small",8.8675,7.353,0.507811363636364,1.42189148219137,0.590159090909091,1.50541274526286,2.54e-06,2.43e-11
"GSM363294","Small",9.4245,7.792,1.06481136363636,2.09189634047476,1.02915909090909,2.04083435586292,2.54e-06,2.43e-11
"GSM363296","Small",8.2175,6.754,-0.142188636363636,0.906143449760874,-0.0088409090909094,0.99389068700009,2.54e-06,2.43e-11
"GSM363298","Small",9.335,8.06,0.975311363636365,1.96606546918033,1.29715909090909,2.45744493679588,2.54e-06,2.43e-11
"GSM363309","Small",8.3375,7.379,-0.0221886363636354,0.984737677304772,0.616159090909091,1.53278897676367,2.54e-06,2.43e-11
"GSM363310","Small",8.458,6.632,0.0983113636363644,1.07051971394638,-0.130840909090909,0.913298957054226,2.54e-06,2.43e-11
"GSM363312","Small",9.6435,6.726,1.28381136363636,2.4348136578973,-0.036840909090909,0.974787118069445,2.54e-06,2.43e-11
"GSM363314","Small",7.9135,7.103,-0.446188636363635,0.733979341915234,0.340159090909091,1.26589618096879,2.54e-06,2.43e-11
"GSM363315","Small",9.634,7.35,1.27431136363636,2.41883332994666,0.587159090909091,1.50228557996854,2.54e-06,2.43e-11
"GSM363316","Small",9.5435,7.64,1.18381136363636,2.27176147106259,0.877159090909091,1.83675485866553,2.54e-06,2.43e-11
"GSM363317","Small",8.209,6.865,-0.150688636363636,0.900820374667895,0.102159090909091,1.0733786449963,2.54e-06,2.43e-11
"GSM363326","Small",8.688,7.113,0.328311363636365,1.25554293435803,0.350159090909091,1.27470118522213,2.54e-06,2.43e-11
"GSM363327","Small",9.3805,6.265,1.02081136363636,2.02905977064378,-0.497840909090909,0.708165806663652,2.54e-06,2.43e-11
"GSM363329","Small",8.7095,6.833,0.349811363636364,1.27439398588951,0.0701590909090912,1.04983244584928,2.54e-06,2.43e-11
"GSM363335","Small",8.5415,6.755,0.181811363636363,1.13430716144318,-0.00784090909090907,0.994579838341632,2.54e-06,2.43e-11
"GSM363336","Small",8.5455,6.927,0.185811363636365,1.13745649256906,0.164159090909091,1.1205127701514,2.54e-06,2.43e-11
"GSM363337","Small",9.735,7.277,1.37531136363636,2.59423893968087,0.514159090909091,1.42816145924341,2.54e-06,2.43e-11
"GSM363339","Small",8.295,6.981,-0.0646886363636359,0.956151652767354,0.218159090909091,1.16324830983915,2.54e-06,2.43e-11
"GSM363343","Small",7.592,6.937,-0.767688636363635,0.587357735960781,0.174159090909091,1.12830655281338,2.54e-06,2.43e-11
"GSM363344","Small",9.814,7.293,1.45431136363636,2.74025730071295,0.530159090909091,1.44408843130561,2.54e-06,2.43e-11
"GSM363348","Small",7.498,7.935,-0.861688636363636,0.550308059808087,1.17215909090909,2.25348694299467,2.54e-06,2.43e-11
"GSM363352","Small",8.1925,6.999,-0.167188636363635,0.890576447661842,0.236159090909091,1.17785266826997,2.54e-06,2.43e-11
"GSM363355","Small",7.59,6.136,-0.769688636363636,0.586544049378331,-0.626840909090909,0.647592907771447,2.54e-06,2.43e-11
"GSM363358","Small",9.0205,7.223,0.660811363636364,1.58097150329969,0.460159090909091,1.37569351219739,2.54e-06,2.43e-11
"GSM363360","Small",9.0835,7.529,0.723811363636365,1.65153937241609,0.766159090909091,1.70073585573908,2.54e-06,2.43e-11
"GSM363362","Small",7.739,7.285,-0.620688636363636,0.650360419452244,0.522159090909091,1.43610286585953,2.54e-06,2.43e-11
"GSM363364","Small",9.4855,8.24,1.12581136363636,2.18224240123012,1.47715909090909,2.78399976789781,2.54e-06,2.43e-11
"GSM363368","Small",8.4515,7.012,0.0918113636363636,1.06570738277223,0.249159090909091,1.18851415934613,2.54e-06,2.43e-11
"GSM363371","Small",9.325,7.691,0.965311363636363,1.95248486298088,0.928159090909091,1.9028463744626,2.54e-06,2.43e-11
"GSM363376","Small",9.075,7.212,0.715311363636363,1.64183752211777,0.449159090909091,1.36524425973158,2.54e-06,2.43e-11
"GSM363378","Small",9.7375,7.439,1.37781136363636,2.59873831047955,0.676159090909091,1.59788002687083,2.54e-06,2.43e-11
"GSM363384","Small",7.8585,6.79,-0.501188636363636,0.706524435879084,0.0271590909090911,1.01900355942378,2.54e-06,2.43e-11
"GSM363388","Small",8.027,7.165,-0.332688636363635,0.794055286108253,0.402159090909091,1.32148412219093,2.54e-06,2.43e-11
"GSM363391","Small",8.722,7.036,0.362311363636364,1.2854837416973,0.273159090909091,1.20845109607203,2.54e-06,2.43e-11
"GSM363393","Small",7.921,7.812,-0.438688636363636,0.737804945032846,1.04915909090909,2.06932334180839,2.54e-06,2.43e-11
"GSM363400","Small",8.096,7.516,-0.263688636363636,0.832955520632027,0.753159090909091,1.68547951234066,2.54e-06,2.43e-11
"GSM712542","Small",7.9815,7.88,-0.378188636363635,0.769403001934349,1.11715909090909,2.16919400892902,2.54e-06,2.43e-11
